first_name;last_name;email;gender;age;car;job;favourite_film
Gregor;Ridings;gridings0@nhs.uk;Male;62;Opel;Web Designer III;Drama
Itch;Weightman;iweightman1@about.com;Male;40;Opel;Data Coordiator;Drama
Corrie;St. Ledger;cstledger2@theatlantic.com;Male;37;Opel;Senior Sales Associate;Drama
Corrinne;Jentzsch;cjentzsch3@meetup.com;Female;23;Renault;Environmental Specialist;Thriller
Nicola;Braunds;nbraunds4@stanford.edu;Female;22;Ford;Database Administrator III;Thriller
Guthrey;Flucks;gflucks5@fotki.com;Male;29;Opel;Senior Sales Associate;Thriller
Emilia;Walford;ewalford6@reference.com;Female;36;Ford;Design Engineer;Comedy
Gifford;Mossman;gmossman7@un.org;Male;61;Renault;Accountant IV;Thriller
Dennet;Bodd;dbodd8@bloglovin.com;Male;25;Renault;Financial Analyst;Drama
Adam;Greensall;agreensall9@squarespace.com;Male;59;Renault;VP Marketing;Drama
Wendy;Poytress;wpoytressa@walmart.com;Female;39;Renault;Senior Financial Analyst;Thriller
Barny;Kirlin;bkirlinb@bigcartel.com;Male;49;Mazda;Senior Financial Analyst;Thriller
Guinna;Noice;gnoicec@clickbank.net;Female;22;Renault;Geologist III;Horror
Nisse;Yarmouth;nyarmouthd@japanpost.jp;Female;35;Renault;Accounting Assistant II;Comedy
Claudina;Boteman;cbotemane@macromedia.com;Female;40;Renault;Librarian;Thriller
Anselma;Fere;aferef@delicious.com;Female;25;Opel;Administrative Assistant I;Thriller
Corrina;Firpo;cfirpog@blogger.com;Female;33;Renault;VP Quality Control;Thriller
Gonzales;Irdale;girdaleh@japanpost.jp;Male;56;Opel;Clinical Specialist;Drama
Katusha;Endrici;kendricii@google.es;Female;79;BMW;Office Assistant II;Romance
Gardner;Pettinger;gpettingerj@seesaa.net;Male;76;Renault;Environmental Tech;Drama
